ASIC,CH0,CH1,CH2,CH3,CH4,CH5,CH6,CH7,CH8,CH9,CH10,CH11,CH12,CH13,CH14,CH15,CH16,CH17,CH18,CH19,CH20,CH21,CH22,CH23,CH24,CH25,CH26,CH27,CH28,CH29,CH30,CH31
0,897.2484924623116,898.6195979899497,902.4463819095478,897.2805527638191,897.9331658291458,896.8375879396984,898.6816582914573,897.6910050251256,898.5643216080402,895.9845728643216,898.4376884422111,898.8290452261307,898.2454271356784,900.053216080402,896.1178391959799,899.8269346733668,899.9175376884422,897.9529648241206,897.1909045226131,897.4928140703518,896.9250251256282,899.3425628140703,897.211608040201,900.7998994974874,898.8902010050251,896.634120603015,896.8789949748743,898.2101005025125,899.0972361809045,898.324824120603,899.0701507537689,897.8938190954774
1,983.2879396984924,980.1634170854271,983.1011557788945,982.6643718592965,980.4492462311558,983.7006532663316,983.5813065326633,982.1157788944723,980.7975879396985,980.9641206030151,980.8409045226131,982.1182412060301,982.9651256281408,982.5467839195979,985.5678391959799,979.5630653266331,982.1132663316583,985.2606532663317,982.1270351758794,982.6053266331659,982.8275376884422,980.3743216080402,985.4158793969849,981.2716582914572,982.4917587939699,983.8679899497488,986.2340703517588,979.4583417085427,983.4860301507538,980.8927638190954,983.0556281407036,981.0919095477387